image,dataset,method,rgb_edge_f1,extraction_seconds,gpu_board_joules,gpu_board_efficiency_inverse_joules
moin_01,moin,whole,0.08207315644523339,0.5520769900176674,,
moin_01,moin,sam3,0.02178335984847502,5.134668189100921,341.06095409140335,0.002932027216847587
moin_01,moin,s05,0.5694581065572494,157.36617853702046,10493.028972189675,9.530136652156036e-05
moin_01,moin,s10,0.47276376723389335,40.72914028400555,2652.085106869035,0.0003770618059767197
moin_02,moin,whole,0.03682463160239658,0.5532766240648925,,
moin_02,moin,sam3,0.01631013586876235,5.158090680139139,322.62065464554877,0.0030996155565385687
moin_02,moin,s05,0.5960330127459696,157.10697646904737,10486.987790586936,9.535626625765643e-05
moin_02,moin,s10,0.39022308248418636,40.576413987902924,2640.102718332849,0.0003787731413084837
moin_03,moin,whole,0.03909498979788084,0.5556982760317624,,
moin_03,moin,sam3,0.007507288611952792,5.15474076801911,323.46443520814876,0.0030915299833705113
moin_03,moin,s05,0.7177595713692377,157.70252275792882,10396.744173077976,9.618395753061491e-05
moin_03,moin,s10,0.5568510787188672,40.61880613700487,2638.167853896017,0.00037905093814376186
moin_04,moin,whole,0.08215612225781334,0.5468890340998769,,
moin_04,moin,sam3,0.03810355332933491,5.200380143942311,329.52087705202763,0.0030347090871638803
moin_04,moin,s05,0.5101425842487705,156.87837939709425,10468.984734669313,9.552024626498678e-05
moin_04,moin,s10,0.4020695335836252,40.64102824404836,2648.4921791646857,0.00037757332563292386
moin_05,moin,whole,0.06369117250055055,0.5474772090092301,,
moin_05,moin,sam3,0.02630638581750314,5.15359722985886,320.50838139893693,0.003120043212708686
moin_05,moin,s05,0.6892456492804568,156.93346970598213,10364.129751287921,9.648663457496108e-05
moin_05,moin,s10,0.5080047772818979,40.42115565901622,2637.6801992722103,0.00037912101712554854
moin_06,moin,whole,0.0774048945348962,0.5510628770571202,,
moin_06,moin,sam3,0.004525996435755741,5.138112308923155,327.8924429240692,0.003049780565487361
moin_06,moin,s05,0.7179274330317088,157.02730310708284,10464.286835658777,9.556312969101111e-05
moin_06,moin,s10,0.5516406616998831,40.6303568771109,2638.3731019927154,0.0003790214504706397
moin_07,moin,whole,0.09762514724895907,0.5470342941116542,,
moin_07,moin,sam3,0.006408098030983862,5.164597787894309,330.9127194890846,0.0030219448848746527
moin_07,moin,s05,0.4507799484404775,157.40293023595586,10399.451244245602,9.61589199769879e-05
moin_07,moin,s10,0.3512337131506934,40.55912437103689,2643.7971766768633,0.00037824384140426235
moin_08,moin,whole,0.026479019597973632,0.5475105580408126,,
moin_08,moin,sam3,0.00675654829371639,5.15738243679516,330.3041101260192,0.0030275130382679013
moin_08,moin,s05,0.6481313983811287,157.46204969799146,10387.017636563343,9.627402542187853e-05
moin_08,moin,s10,0.47587362695994745,40.37054290110245,2653.0421634542454,0.0003769257849630274
moin_09,moin,whole,0.07709846445727735,0.5472052311524749,,
moin_09,moin,sam3,0.05280333557170674,5.209978433093056,328.1774162227812,0.003047132284450543
moin_09,moin,s05,0.4230805541260928,158.04340732702985,10448.198699370074,9.571027779748202e-05
moin_09,moin,s10,0.3264846119336977,40.84662263817154,2629.8667302876374,0.00038024740511874785
moin_10,moin,whole,0.02798866565382011,0.5492624856997281,,
moin_10,moin,sam3,0.021840463275234444,5.177738283062354,327.17154067599216,0.003056500568276292
moin_10,moin,s05,0.6341950945236208,156.33016385696828,10443.777856553066,9.575079188155451e-05
moin_10,moin,s10,0.37930455072680214,40.36110409907997,2640.2028644503175,0.0003787587739808763
fungal_network_01,fungal_network,whole,0.03923696515514304,0.5646170298568904,,
fungal_network_01,fungal_network,sam3,0.03594759938792127,5.268503981875256,333.01919761093103,0.0030028298884087396
fungal_network_01,fungal_network,s05,0.4141210788357951,156.63098994409665,10323.910609265207,9.686252020649508e-05
fungal_network_01,fungal_network,s10,0.3147056174116502,40.73819738999009,2630.5430821358777,0.0003801496378413414
fungal_network_02,fungal_network,whole,0.041606702914250684,0.5584538578987122,,
fungal_network_02,fungal_network,sam3,0.03175137460637952,5.255339591996744,335.96205608328216,0.0029765266103506296
fungal_network_02,fungal_network,s05,0.39675198653017657,157.65429898304865,10395.22323374356,9.619803033704326e-05
fungal_network_02,fungal_network,s10,0.27390593556101256,40.42275250097737,2675.4422654314003,0.0003737699792369676
fungal_network_03,fungal_network,whole,0.046639250899090864,0.5605340951588005,,
fungal_network_03,fungal_network,sam3,0.025808279091879247,5.220076680881903,336.95740138810584,0.0029677341880026105
fungal_network_03,fungal_network,s05,0.23633707185775799,156.81241434114054,10429.899843682695,9.58781977763374e-05
fungal_network_03,fungal_network,s10,0.18357401522472602,40.53195344097912,2633.162755805937,0.00037977143562245477
fungal_network_04,fungal_network,whole,0.031135826824818157,0.556441746186465,,
fungal_network_04,fungal_network,sam3,0.011571975828405301,5.299100525910035,336.98499218686663,0.0029674912034227175
fungal_network_04,fungal_network,s05,0.44284741160285274,156.42987108812667,10442.929086484435,9.575857421977817e-05
fungal_network_04,fungal_network,s10,0.35480039419236814,40.41687324619852,2640.8493384623166,0.00037866605468007063
fungal_network_05,fungal_network,whole,0.13498431356391638,0.5630432139150798,,
fungal_network_05,fungal_network,sam3,0.021533019607697164,5.288438980933279,336.26615138013153,0.002973834850447233
fungal_network_05,fungal_network,s05,0.3613111578085646,157.57183647318743,10457.40884426616,9.562598296501568e-05
fungal_network_05,fungal_network,s10,0.4008284418748101,40.732402462977916,2636.9068524650647,0.0003792322049848549
fungal_network_06,fungal_network,whole,0.13878042757975761,0.5552567022386938,,
fungal_network_06,fungal_network,sam3,0.03613684057602323,5.293471554061398,336.142255199762,0.002974930954175106
fungal_network_06,fungal_network,s05,0.26879040871700777,156.7035772651434,10442.213692982703,9.576513461623682e-05
fungal_network_06,fungal_network,s10,0.2286518909909146,40.54616708797403,2650.2619319879686,0.00037732119528649657
fungal_network_07,fungal_network,whole,0.19365478371531944,0.561226176796481,,
fungal_network_07,fungal_network,sam3,0.021093357227280802,5.2864335579797626,334.7568626118269,0.002987242717588638
fungal_network_07,fungal_network,s05,0.2669864133326688,158.50013845297508,10434.991336503357,9.583141640969375e-05
fungal_network_07,fungal_network,s10,0.240850344156364,40.881935767130926,2648.224871671191,0.0003776114372677646
fungal_network_08,fungal_network,whole,0.041744435784902535,0.5576627890113741,,
fungal_network_08,fungal_network,sam3,0.0,5.235302861081436,332.6821133761842,0.0030058724523889216
fungal_network_08,fungal_network,s05,0.20433250426366648,156.54587185103446,10429.599456913918,9.588095919993236e-05
fungal_network_08,fungal_network,s10,0.18241594078240284,40.45192267000675,2632.876984025068,0.0003798126559149863
fungal_network_09,fungal_network,whole,0.037353057119788875,0.55235302192159,,
fungal_network_09,fungal_network,sam3,0.0992751329061589,5.273194166831672,339.8044950161467,0.0029428686632073024
fungal_network_09,fungal_network,s05,0.12660149210138236,157.80903761601076,10441.021556747426,9.577606889948025e-05
fungal_network_09,fungal_network,s10,0.10959613121084782,40.38300217501819,2627.888850083167,0.0003805335982792241
fungal_network_10,fungal_network,whole,0.057416551589036934,0.5558475109282881,,
fungal_network_10,fungal_network,sam3,0.051974667499433046,5.241955425124615,330.9406427105295,0.003021689907318788
fungal_network_10,fungal_network,s05,0.18344874488333665,156.5882212028373,10400.001976070813,9.615382788396415e-05
fungal_network_10,fungal_network,s10,0.14714086090673092,40.336240680888295,2627.6319238162073,0.0003805708063356389
neon_01,neon,whole,0.03515453333828102,0.24201304884627461,,
neon_01,neon,sam3,0.012704689767286025,4.637937741819769,292.8811812210546,0.0034143538886004473
neon_01,neon,s05,0.6073031873107452,193.98539404314943,12826.195452540731,7.79654421843315e-05
neon_01,neon,s10,0.4012717725090851,46.07430241792463,3015.388841515006,0.00033163218827114027
neon_02,neon,whole,0.030573374919883725,0.5561623021494597,,
neon_02,neon,sam3,0.041770635858206076,5.266599372960627,346.3236154031183,0.002887472743768879
neon_02,neon,s05,0.522649562914274,156.8322035879828,10486.132710075473,9.536404198271897e-05
neon_02,neon,s10,0.3747228357685551,40.571583810960874,2635.4603870540077,0.0003794403455700688
neon_03,neon,whole,0.022225522378974932,0.30782283190637827,,
neon_03,neon,sam3,0.009562559932318044,4.785358153050765,301.440945563378,0.0033173993603657598
neon_03,neon,s05,0.7035850965410275,210.64500724780373,13967.468236011206,7.159493639812117e-05
neon_03,neon,s10,0.5855847727572825,49.74134452897124,3300.6611135856865,0.0003029696068717718
neon_04,neon,whole,0.02637827166516797,0.5540691372007132,,
neon_04,neon,sam3,0.002007593041141287,5.213280505035073,341.1099066956959,0.0029316064422957376
neon_04,neon,s05,0.6450909693799466,157.01133146812208,10467.162353018992,9.55368767841434e-05
neon_04,neon,s10,0.39644034157646774,40.53504421701655,2646.600693275007,0.0003778431716355976
neon_05,neon,whole,0.02806492528343843,0.5582976420409977,,
neon_05,neon,sam3,0.048032212929391305,5.301606388064101,338.8877113944514,0.0029508299250073458
neon_05,neon,s05,0.27895901669233025,157.89041187008843,10486.946247927273,9.535664399897618e-05
neon_05,neon,s10,0.20321329753270212,40.70179852284491,2652.4398768064493,0.00037701137309246194
neon_06,neon,whole,0.05726713527592723,0.17309191403910518,,
neon_06,neon,sam3,0.1505617879610194,4.569871613988653,283.85283051187986,0.0035229523630138605
neon_06,neon,s05,0.6783588311964389,173.4751616679132,11505.05640159034,8.691830488217079e-05
neon_06,neon,s10,0.49131727125750757,39.75150725618005,2607.3048026658507,0.0003835378199654852
neon_07,neon,whole,0.04687499548783981,0.15457150992006063,,
neon_07,neon,sam3,0.01798616883710839,4.453891024924815,292.7273652634094,0.0034161479884197176
neon_07,neon,s05,0.554583452273547,179.4815701409243,11888.514854037421,8.411479585781845e-05
neon_07,neon,s10,0.3573392315217963,42.241956701967865,2877.115661387005,0.0003475703161401298
neon_08,neon,whole,0.02343101217229743,0.5583958250936121,,
neon_08,neon,sam3,0.07655247189030288,5.30851601716131,347.1365162159805,0.0028807110554103232
neon_08,neon,s05,0.3759739395249021,158.17264729412273,10493.244536741615,9.52994087289728e-05
neon_08,neon,s10,0.26407845604638536,40.83229987998493,2654.4534757080314,0.00037672538213662476
neon_09,neon,whole,0.031100867941641713,0.5576076959259808,,
neon_09,neon,sam3,0.027190599714841675,5.292001215973869,333.4067804261355,0.0029993391217835313
neon_09,neon,s05,0.4980408157780168,156.73167047090828,10459.567242845354,9.560624993199683e-05
neon_09,neon,s10,0.12308704563915826,40.45230782707222,2647.4708673437362,0.00037771898166468637
neon_10,neon,whole,0.034948512594635196,0.2995561403222382,,
neon_10,neon,sam3,0.01997396387560469,4.804534030845389,311.1865670262545,0.0032135063205206765
neon_10,neon,s05,0.6278786468770458,188.50427937391214,12470.23646564917,8.019094126680159e-05
neon_10,neon,s10,0.4011961770591564,45.11153123783879,2946.3862045718024,0.0003393988196280364
coralscapes_01,coralscapes,whole,0.05136895237377318,0.2305647791363299,,
coralscapes_01,coralscapes,sam3,0.06576161462757618,4.645012817112729,301.86938886777654,0.003312690974565876
coralscapes_01,coralscapes,s05,0.24647834987905756,318.2724538461771,21099.41365091628,4.7394681982386424e-05
coralscapes_01,coralscapes,s10,0.16693805669394407,76.9753973649349,5091.685236562864,0.00019639862904704
coralscapes_02,coralscapes,whole,0.038100831897927186,0.22463636985048652,,
coralscapes_02,coralscapes,sam3,0.01779160098056162,4.62871879292652,300.5210002426457,0.0033275544776990066
coralscapes_02,coralscapes,s05,0.404438789309274,317.69430041406304,21325.284752571293,4.6892691544455236e-05
coralscapes_02,coralscapes,s10,0.30679798216696863,76.61825453094207,5092.9654090663535,0.0001963492621056935
coralscapes_03,coralscapes,whole,0.05360510010744393,0.22380056185647845,,
coralscapes_03,coralscapes,sam3,0.060566152085020836,4.630148674128577,299.97153258236335,0.0033336496679911764
coralscapes_03,coralscapes,s05,0.22781948141468092,317.4706385519821,21199.688614237777,4.717050416148079e-05
coralscapes_03,coralscapes,s10,0.1960522395930811,77.1016677080188,5077.649981557885,0.0001969414992431573
coralscapes_04,coralscapes,whole,0.030537971996277453,0.22552374913357198,,
coralscapes_04,coralscapes,sam3,0.005063577062622655,4.604144567158073,300.16498773608475,0.0033315011438950167
coralscapes_04,coralscapes,s05,0.4718029540641599,317.97970267385244,21356.666566539094,4.682378670306003e-05
coralscapes_04,coralscapes,s10,0.22051466306610146,76.94127145293169,5121.929503913276,0.00019523892299493312
coralscapes_05,coralscapes,whole,0.037557358952178814,0.22209127596579492,,
coralscapes_05,coralscapes,sam3,0.03301777173463232,4.620398114901036,299.9541692528338,0.0033338426416640063
coralscapes_05,coralscapes,s05,0.3932187250627826,318.50123612000607,21152.38225796492,4.7275998882983994e-05
coralscapes_05,coralscapes,s10,0.3303421873148029,76.4497629320249,5101.910433887845,0.00019600500889976677
coralscapes_06,coralscapes,whole,0.03791288111205406,0.2222117451019585,,
coralscapes_06,coralscapes,sam3,0.04021172802517151,4.616769314976409,301.0324935432307,0.0033219005305033353
coralscapes_06,coralscapes,s05,0.522673806234811,318.28357608499937,21379.067803356913,4.677472419274433e-05
coralscapes_06,coralscapes,s10,0.2563471884756811,77.04297067318112,5076.573406595593,0.00019698326408533335
coralscapes_07,coralscapes,whole,0.04086282765253009,0.2202052720822394,,
coralscapes_07,coralscapes,sam3,0.030231531483124727,4.620405248831958,302.8011783932312,0.0033024970553494843
coralscapes_07,coralscapes,s05,0.5813076089707173,318.1640925020911,21136.747323710384,4.7310969123344663e-05
coralscapes_07,coralscapes,s10,0.2334136689680709,76.56229124590755,5063.191836962305,0.00019750387348545665
coralscapes_08,coralscapes,whole,0.026697277731694575,0.2209702800028026,,
coralscapes_08,coralscapes,sam3,0.005596124371434076,4.643379801185802,298.58536051040517,0.003349126019743864
coralscapes_08,coralscapes,s05,0.6608518474055758,318.36601081490517,21145.15130101676,4.729216574354402e-05
coralscapes_08,coralscapes,s10,0.42248225326823713,76.4580282960087,5092.655092249785,0.00019636122648907474
coralscapes_09,coralscapes,whole,0.03728425826513959,0.21922861691564322,,
coralscapes_09,coralscapes,sam3,0.0311243953947591,4.627387638902292,303.0510624929564,0.003299773944937884
coralscapes_09,coralscapes,s05,0.4741181845548479,316.66316328104585,21307.340957394095,4.693218182407594e-05
coralscapes_09,coralscapes,s10,0.23561673616475107,76.30311956605874,5094.311943630319,0.00019629736283628089
coralscapes_10,coralscapes,whole,0.05606670741972491,0.21992461592890322,,
coralscapes_10,coralscapes,sam3,0.07210702819987189,4.640162581112236,298.2668265863134,0.003352702717379188
coralscapes_10,coralscapes,s05,0.37915316716944486,317.8155455819797,21328.36763802539,4.688591349190479e-05
coralscapes_10,coralscapes,s10,0.2909075783687629,76.34952660580166,5186.033103878772,0.00019282561062945654
pmid_01,pmid,whole,0.024427939920495786,0.5726241390220821,,
pmid_01,pmid,sam3,0.07344830651164713,6.02114184317179,382.34536004090916,0.002615436473174422
pmid_01,pmid,s05,0.19171244037154797,156.4853855399415,10342.543359963107,9.668801620606086e-05
pmid_01,pmid,s10,0.058239872009496194,40.654194911941886,2641.64225782224,0.00037855239370087766
pmid_02,pmid,whole,0.02715956653727992,0.13118929276242852,,
pmid_02,pmid,sam3,0.046990380259832154,4.9326733539346606,313.37321735955777,0.003191083170495139
pmid_02,pmid,s05,0.4985030379871189,207.49191332794726,13866.503159914708,7.211623496331795e-05
pmid_02,pmid,s10,0.4101460626868934,50.10004044417292,3332.9119718338243,0.00030003792732929074
pmid_03,pmid,whole,0.03213030493948211,0.13230189285241067,,
pmid_03,pmid,sam3,0.0689773605057349,4.966805732110515,330.4480122504094,0.0030261946294965524
pmid_03,pmid,s05,0.4732840405077838,208.2965397730004,13930.336181770372,7.178577652049977e-05
pmid_03,pmid,s10,0.1958256356144527,50.224220763891935,3330.468224175836,0.00030025808165380765
pmid_04,pmid,whole,0.03162902463171502,0.13308529905043542,,
pmid_04,pmid,sam3,0.1226196316876787,4.964551226934418,330.13108878675496,0.0030290997545097623
pmid_04,pmid,s05,0.5228170056328157,208.57112362096086,13849.67799829024,7.220384474811986e-05
pmid_04,pmid,s10,0.35995403536985543,50.189079012023285,3332.677870502359,0.0003000590032571203
pmid_05,pmid,whole,0.023764146421987306,0.12998346704989672,,
pmid_05,pmid,sam3,0.062300823687330774,4.8141822358593345,317.7838853454944,0.0031467926666980004
pmid_05,pmid,s05,0.5969344115575956,208.01064093899913,13960.211614734651,7.16321519757283e-05
pmid_05,pmid,s10,0.42081280985657143,50.2480129909236,3325.784218184779,0.0003006809625628094
pmid_06,pmid,whole,0.01852718668321354,0.13339697569608688,,
pmid_06,pmid,sam3,0.07956332696856397,5.027068063849583,333.23671404528824,0.0030008698257182305
pmid_06,pmid,s05,0.33109126398951516,209.00330543192104,13998.358137075265,7.143694926274648e-05
pmid_06,pmid,s10,0.1197240189962344,50.37314863386564,3336.900840565625,0.00029967926761362615
pmid_07,pmid,whole,0.029043077722834897,0.1280040517449379,,
pmid_07,pmid,sam3,0.14513606682809777,4.864344438072294,323.3113400164922,0.0030929938923546256
pmid_07,pmid,s05,0.4869127060328788,207.80359090003185,13962.91541359112,7.161828102364835e-05
pmid_07,pmid,s10,0.3767698092924084,50.22483562189154,3322.5922703710826,0.0003009698207382862
pmid_08,pmid,whole,0.0443840532936276,0.12927960604429245,,
pmid_08,pmid,sam3,0.12167933922927718,5.036344763124362,333.86904463080685,0.0029951863345276655
pmid_08,pmid,s05,0.4000311721370357,208.97103681997396,13972.239445472136,7.157048831739435e-05
pmid_08,pmid,s10,0.16167504335721475,50.519216240150854,3323.420910637079,0.00030089477887057834
pmid_09,pmid,whole,0.029833177504373837,0.12850443576462567,,
pmid_09,pmid,sam3,0.10710930503108572,5.190546190133318,342.94855488567407,0.0029158892368954924
pmid_09,pmid,s05,0.5378949768676985,208.44171686307527,13854.650357969991,7.217793117563177e-05
pmid_09,pmid,s10,0.38623291877944005,50.11803118698299,3329.4877963276094,0.00030034649807186245
pmid_10,pmid,whole,0.019786727100728464,0.13214485486969352,,
pmid_10,pmid,sam3,0.07591284843905378,4.92825784208253,326.1229751121464,0.003066327969245719
pmid_10,pmid,s05,0.5164731559895744,208.19096953305416,13925.276882880918,7.181185756021505e-05
pmid_10,pmid,s10,0.39274997605976125,50.32046645390801,3309.6670154891917,0.00030214519929648966
