image,dataset,method,f1,precision,recall,boundary_density,annotated_f1,input_sha256
moin_01,moin,whole,0.08207315644523339,0.4824670867910401,0.04485144991710428,0.007672209435472444,,7f99a7a1e76cb34321507dbbab03306a60e18d9f8f936e22197a57d1e656c046
moin_01,moin,sam3,0.02178335984847502,0.42099000475963827,0.01118094882485946,0.002011519563727161,,7f99a7a1e76cb34321507dbbab03306a60e18d9f8f936e22197a57d1e656c046
moin_01,moin,s05,0.5694581065572494,0.6123297446557662,0.5321968880995578,0.08486032337498707,,7f99a7a1e76cb34321507dbbab03306a60e18d9f8f936e22197a57d1e656c046
moin_01,moin,s10,0.47276376723389335,0.5636745007147309,0.40710493688277,0.06413047016517247,,7f99a7a1e76cb34321507dbbab03306a60e18d9f8f936e22197a57d1e656c046
moin_02,moin,whole,0.03682463160239658,0.43003177966101697,0.019235924505179577,0.004518977791904902,,ff1f57811fff50b2d77b1fbca1f07c113fc3c1fc2f58af97787eeee53f468324
moin_02,moin,sam3,0.01631013586876235,0.4365725227381522,0.008310302349479489,0.002000030637137572,,ff1f57811fff50b2d77b1fbca1f07c113fc3c1fc2f58af97787eeee53f468324
moin_02,moin,s05,0.5960330127459696,0.6020632022810505,0.5901224205829977,0.10921206069216953,,ff1f57811fff50b2d77b1fbca1f07c113fc3c1fc2f58af97787eeee53f468324
moin_02,moin,s10,0.39022308248418636,0.5623936221812634,0.2987607947763814,0.05428182719888481,,ff1f57811fff50b2d77b1fbca1f07c113fc3c1fc2f58af97787eeee53f468324
moin_03,moin,whole,0.03909498979788084,0.4496450428396573,0.02043590860567648,0.00488877761650729,,ae115e3dee8d4dc8b241755f754ce4d53249a607b2760ad2ac94a56d3695f5ba
moin_03,moin,sam3,0.007507288611952792,0.4318760120286838,0.0037865550965308263,0.0010347214509748353,,ae115e3dee8d4dc8b241755f754ce4d53249a607b2760ad2ac94a56d3695f5ba
moin_03,moin,s05,0.7177595713692377,0.6480947523818354,0.8042049431059326,0.1626192933544219,,ae115e3dee8d4dc8b241755f754ce4d53249a607b2760ad2ac94a56d3695f5ba
moin_03,moin,s10,0.5568510787188672,0.5746976186434887,0.5400795607404606,0.10858208455084041,,ae115e3dee8d4dc8b241755f754ce4d53249a607b2760ad2ac94a56d3695f5ba
moin_04,moin,whole,0.08215612225781334,0.4644524411593075,0.045063675718974745,0.00984409526617928,,d9b1f05b1b52000475ef97ccad601a7978beed4950cdaa1a55c027d7b53075b4
moin_04,moin,sam3,0.03810355332933491,0.5652995520716685,0.019716255698581917,0.0034198704815009136,,d9b1f05b1b52000475ef97ccad601a7978beed4950cdaa1a55c027d7b53075b4
moin_04,moin,s05,0.5101425842487705,0.5986802920674138,0.44441838162667086,0.08680267002653942,,d9b1f05b1b52000475ef97ccad601a7978beed4950cdaa1a55c027d7b53075b4
moin_04,moin,s10,0.4020695335836252,0.545834265408579,0.3182477488906016,0.06526883130809089,,d9b1f05b1b52000475ef97ccad601a7978beed4950cdaa1a55c027d7b53075b4
moin_05,moin,whole,0.06369117250055055,0.48015780017186155,0.03410771815775238,0.0061279062197218915,,8619cc3cf3c9d79af43f650d06bf4a49d0f6355529739f89a9dcbf1ee4ee2758
moin_05,moin,sam3,0.02630638581750314,0.6949969861362266,0.013406926220418038,0.0015883441010106426,,8619cc3cf3c9d79af43f650d06bf4a49d0f6355529739f89a9dcbf1ee4ee2758
moin_05,moin,s05,0.6892456492804568,0.6721153373486362,0.707272004863641,0.10225120729470245,,8619cc3cf3c9d79af43f650d06bf4a49d0f6355529739f89a9dcbf1ee4ee2758
moin_05,moin,s10,0.5080047772818979,0.5756471961164781,0.4545876676065238,0.06932466174685299,,8619cc3cf3c9d79af43f650d06bf4a49d0f6355529739f89a9dcbf1ee4ee2758
moin_06,moin,whole,0.0774048945348962,0.521943454862427,0.04180210023759716,0.006315558687351841,,a1b3dbb783352e84d4b128a26ac313965cc7b30f69e8afbd07ce466bd3d28a87
moin_06,moin,sam3,0.004525996435755741,0.8469750889679716,0.002269060829021001,0.00020177427322965214,,a1b3dbb783352e84d4b128a26ac313965cc7b30f69e8afbd07ce466bd3d28a87
moin_06,moin,s05,0.7179274330317088,0.6715852894522867,0.7711392057648825,0.1256953194113074,,a1b3dbb783352e84d4b128a26ac313965cc7b30f69e8afbd07ce466bd3d28a87
moin_06,moin,s10,0.5516406616998831,0.5806976588261826,0.5253530049099158,0.07853782346115402,,a1b3dbb783352e84d4b128a26ac313965cc7b30f69e8afbd07ce466bd3d28a87
moin_07,moin,whole,0.09762514724895907,0.4797992471769134,0.05434097505788339,0.00953820259573148,,e9ee6853ba2e4afe6b6a07a80249f892b678dbcaaae669acc56ffd48ff3abaad
moin_07,moin,sam3,0.006408098030983862,0.7139917695473251,0.003218492047915161,0.0003489761451587578,,e9ee6853ba2e4afe6b6a07a80249f892b678dbcaaae669acc56ffd48ff3abaad
moin_07,moin,s05,0.4507799484404775,0.48811532301121197,0.4187502293793911,0.08966149792624875,,e9ee6853ba2e4afe6b6a07a80249f892b678dbcaaae669acc56ffd48ff3abaad
moin_07,moin,s10,0.3512337131506934,0.4490604996902746,0.2884052906456292,0.057959241118102335,,e9ee6853ba2e4afe6b6a07a80249f892b678dbcaaae669acc56ffd48ff3abaad
moin_08,moin,whole,0.026479019597973632,0.48084575173597566,0.013614364974126004,0.003067782752057475,,5f0467633478e19e45df8127336bcec08cc332f5bd275358702401090dc2f1cb
moin_08,moin,sam3,0.00675654829371639,0.6616022099447514,0.0033956128299273487,0.0005198739281788902,,5f0467633478e19e45df8127336bcec08cc332f5bd275358702401090dc2f1cb
moin_08,moin,s05,0.6481313983811287,0.6169899203395397,0.6825836018069511,0.14064815736765715,,5f0467633478e19e45df8127336bcec08cc332f5bd275358702401090dc2f1cb
moin_08,moin,s10,0.47587362695994745,0.5532839801458371,0.41746570478912254,0.09046476537697083,,5f0467633478e19e45df8127336bcec08cc332f5bd275358702401090dc2f1cb
moin_09,moin,whole,0.07709846445727735,0.44477494851763477,0.04220740364868811,0.007322515232401836,,625b29d1b4efaae36e2ccac6ae578a1ee624c6670e7f521e34465b9bbd53741b
moin_09,moin,sam3,0.05280333557170674,0.6970993818354732,0.027440955750122467,0.002516792981031782,,625b29d1b4efaae36e2ccac6ae578a1ee624c6670e7f521e34465b9bbd53741b
moin_09,moin,s05,0.4230805541260928,0.4676856475345826,0.38624298099063176,0.07386637803929978,,625b29d1b4efaae36e2ccac6ae578a1ee624c6670e7f521e34465b9bbd53741b
moin_09,moin,s10,0.3264846119336977,0.4636711536917601,0.25194234479193095,0.044719449986787736,,625b29d1b4efaae36e2ccac6ae578a1ee624c6670e7f521e34465b9bbd53741b
moin_10,moin,whole,0.02798866565382011,0.45408714440043213,0.014439332940795383,0.0033234113686758248,,403d82d69411c3a38306417765d2c69da3fa241fc8673df7b96713cdcfb4f7bd
moin_10,moin,sam3,0.021840463275234444,0.376565027256934,0.011246371816413511,0.003995513574166765,,403d82d69411c3a38306417765d2c69da3fa241fc8673df7b96713cdcfb4f7bd
moin_10,moin,s05,0.6341950945236208,0.6482501938708722,0.6207365352302809,0.11080519184592584,,403d82d69411c3a38306417765d2c69da3fa241fc8673df7b96713cdcfb4f7bd
moin_10,moin,s10,0.37930455072680214,0.5866959124832734,0.28024177784586024,0.052051299972043615,,403d82d69411c3a38306417765d2c69da3fa241fc8673df7b96713cdcfb4f7bd
fungal_network_01,fungal_network,whole,0.03923696515514304,0.45244699821676243,0.020507714328113855,0.0024160255207355975,,c756bf6b748b61c7889b1ec3757851e3d71bfde886fe7c35f4b1cff4e81994f6
fungal_network_01,fungal_network,sam3,0.03594759938792127,0.821434432955851,0.01837588221308428,0.00145837561896592,,c756bf6b748b61c7889b1ec3757851e3d71bfde886fe7c35f4b1cff4e81994f6
fungal_network_01,fungal_network,s05,0.4141210788357951,0.4377572672130041,0.39290655203282,0.06384635858471743,,c756bf6b748b61c7889b1ec3757851e3d71bfde886fe7c35f4b1cff4e81994f6
fungal_network_01,fungal_network,s10,0.3147056174116502,0.339190266414936,0.29351785808317016,0.05704970109642656,,c756bf6b748b61c7889b1ec3757851e3d71bfde886fe7c35f4b1cff4e81994f6
fungal_network_02,fungal_network,whole,0.041606702914250684,0.5497769429443531,0.02162150086725356,0.002038805764377434,,d9ab8d279678e55b4f3dd6035a258001fcbdf2e5bb0b073bc96646713101ff13
fungal_network_02,fungal_network,sam3,0.03175137460637952,0.7757980697847068,0.0162073493954756,0.0016120400121016694,,d9ab8d279678e55b4f3dd6035a258001fcbdf2e5bb0b073bc96646713101ff13
fungal_network_02,fungal_network,s05,0.39675198653017657,0.38917189650327483,0.4046332243482035,0.06643806894121883,,d9ab8d279678e55b4f3dd6035a258001fcbdf2e5bb0b073bc96646713101ff13
fungal_network_02,fungal_network,s10,0.27390593556101256,0.3220546072074456,0.23828170501890086,0.05426363639845129,,d9ab8d279678e55b4f3dd6035a258001fcbdf2e5bb0b073bc96646713101ff13
fungal_network_03,fungal_network,whole,0.046639250899090864,0.45867653863951874,0.02456872685262753,0.0025862052458438807,,e539a3da8918f2c519d0eca150a12491dde82fa6e6101be684911f0ccf5afa6f
fungal_network_03,fungal_network,sam3,0.025808279091879247,0.7796992481203008,0.013121299013389374,0.0009550170227595636,,e539a3da8918f2c519d0eca150a12491dde82fa6e6101be684911f0ccf5afa6f
fungal_network_03,fungal_network,s05,0.23633707185775799,0.32767852383790513,0.18481835545747427,0.04939592181402491,,e539a3da8918f2c519d0eca150a12491dde82fa6e6101be684911f0ccf5afa6f
fungal_network_03,fungal_network,s10,0.18357401522472602,0.25474366141602817,0.1434869816225221,0.04367084608285048,,e539a3da8918f2c519d0eca150a12491dde82fa6e6101be684911f0ccf5afa6f
fungal_network_04,fungal_network,whole,0.031135826824818157,0.3964904726020024,0.01620415803003394,0.0022233466477227033,,1f0fceca4755522a6a714353fbe437e2a4bf6f57b622b078ad4c211fb430ccde
fungal_network_04,fungal_network,sam3,0.011571975828405301,0.5306380290587492,0.0058497728545646895,0.0007577904496382903,,1f0fceca4755522a6a714353fbe437e2a4bf6f57b622b078ad4c211fb430ccde
fungal_network_04,fungal_network,s05,0.44284741160285274,0.4084575848557325,0.48356047876864355,0.07055278012875257,,1f0fceca4755522a6a714353fbe437e2a4bf6f57b622b078ad4c211fb430ccde
fungal_network_04,fungal_network,s10,0.35480039419236814,0.40223244841821604,0.3173749104423073,0.0556018569935011,,1f0fceca4755522a6a714353fbe437e2a4bf6f57b622b078ad4c211fb430ccde
fungal_network_05,fungal_network,whole,0.13498431356391638,0.5208869583869584,0.0775390104533175,0.008926895960110447,,237b5fc2c0701b56570d3ed962383dee21aa7381d227f0e22ecae351411805c8
fungal_network_05,fungal_network,sam3,0.021533019607697164,0.597911227154047,0.010963935974826509,0.0018334412015885357,,237b5fc2c0701b56570d3ed962383dee21aa7381d227f0e22ecae351411805c8
fungal_network_05,fungal_network,s05,0.3613111578085646,0.5817430105629364,0.26202546390485904,0.037977604252434696,,237b5fc2c0701b56570d3ed962383dee21aa7381d227f0e22ecae351411805c8
fungal_network_05,fungal_network,s10,0.4008284418748101,0.5316226960607155,0.3216848494712705,0.0370881698522907,,237b5fc2c0701b56570d3ed962383dee21aa7381d227f0e22ecae351411805c8
fungal_network_06,fungal_network,whole,0.13878042757975761,0.5485303961540802,0.07943946857382665,0.00786656377694632,,053e94ea5d74e3d55839780516a4a6b133ed6e2f060046cb09a21367b10d082b
fungal_network_06,fungal_network,sam3,0.03613684057602323,0.7795381310418904,0.018497154099867397,0.0017826984424845187,,053e94ea5d74e3d55839780516a4a6b133ed6e2f060046cb09a21367b10d082b
fungal_network_06,fungal_network,s05,0.26879040871700777,0.5099696043485256,0.18248706300234085,0.028269700636869496,,053e94ea5d74e3d55839780516a4a6b133ed6e2f060046cb09a21367b10d082b
fungal_network_06,fungal_network,s10,0.2286518909909146,0.4168606880043386,0.1575289895658307,0.02559804649951555,,053e94ea5d74e3d55839780516a4a6b133ed6e2f060046cb09a21367b10d082b
fungal_network_07,fungal_network,whole,0.19365478371531944,0.6078733031674208,0.11517318742410534,0.01057938656791296,,2bac238e6c26470b55367be44258933c44fdada2de22f6d3cfaf56509ae32fde
fungal_network_07,fungal_network,sam3,0.021093357227280802,0.5406828334396937,0.010756497221118542,0.0015002623304904623,,2bac238e6c26470b55367be44258933c44fdada2de22f6d3cfaf56509ae32fde
fungal_network_07,fungal_network,s05,0.2669864133326688,0.4869190708187608,0.18391519903748418,0.0313441852627709,,2bac238e6c26470b55367be44258933c44fdada2de22f6d3cfaf56509ae32fde
fungal_network_07,fungal_network,s10,0.240850344156364,0.43379028848342926,0.1667041652106062,0.029437502154173737,,2bac238e6c26470b55367be44258933c44fdada2de22f6d3cfaf56509ae32fde
fungal_network_08,fungal_network,whole,0.041744435784902535,0.5240665766981556,0.021737985705874187,0.0021283236507213133,,0adf7321a99380bf70378ae73bf9a3ce091817434842f11546e8eb1a72d3e2f3
fungal_network_08,fungal_network,sam3,0.0,0.0,0.0,0.0,,0adf7321a99380bf70378ae73bf9a3ce091817434842f11546e8eb1a72d3e2f3
fungal_network_08,fungal_network,s05,0.20433250426366648,0.4215481092516339,0.13484795537194566,0.03167951830760452,,0adf7321a99380bf70378ae73bf9a3ce091817434842f11546e8eb1a72d3e2f3
fungal_network_08,fungal_network,s10,0.18241594078240284,0.3762821703506491,0.12038947423850031,0.023194706668555956,,0adf7321a99380bf70378ae73bf9a3ce091817434842f11546e8eb1a72d3e2f3
fungal_network_09,fungal_network,whole,0.037353057119788875,0.529911585715926,0.01935882276911588,0.002084522118098506,,70f8aaaf1c62bb458914a95b1f4b5e48ed695240e4d5d957bf2ff94e85121ce6
fungal_network_09,fungal_network,sam3,0.0992751329061589,0.9382832820997872,0.05241019896567846,0.0020244446061404484,,70f8aaaf1c62bb458914a95b1f4b5e48ed695240e4d5d957bf2ff94e85121ce6
fungal_network_09,fungal_network,s05,0.12660149210138236,0.44377712127606617,0.0738322394928282,0.02211833785869386,,70f8aaaf1c62bb458914a95b1f4b5e48ed695240e4d5d957bf2ff94e85121ce6
fungal_network_09,fungal_network,s10,0.10959613121084782,0.404938424407451,0.06337413494050496,0.019338496329287955,,70f8aaaf1c62bb458914a95b1f4b5e48ed695240e4d5d957bf2ff94e85121ce6
fungal_network_10,fungal_network,whole,0.057416551589036934,0.48627836487261406,0.03050945362227956,0.002921777643314785,,99b5c0f61a48aa714c5fec2f43b91adab98315528c2a9d68da1005a11354f653
fungal_network_10,fungal_network,sam3,0.051974667499433046,0.9077691958200818,0.026753216497444512,0.0010536303093202002,,99b5c0f61a48aa714c5fec2f43b91adab98315528c2a9d68da1005a11354f653
fungal_network_10,fungal_network,s05,0.18344874488333665,0.36709559951719484,0.12227716689724281,0.02339959252607029,,99b5c0f61a48aa714c5fec2f43b91adab98315528c2a9d68da1005a11354f653
fungal_network_10,fungal_network,s10,0.14714086090673092,0.34297024803612297,0.09366178866458909,0.019348070434779277,,99b5c0f61a48aa714c5fec2f43b91adab98315528c2a9d68da1005a11354f653
neon_01,neon,whole,0.03515453333828102,0.5227159880834161,0.018188901236954002,0.003649264711211614,,9a81fd3b76f66279bedfcfba5b6adba1638eadd414fb6850a943dc380628b805
neon_01,neon,sam3,0.012704689767286025,0.728240450845335,0.006408243138770777,0.00072342052430548,,9a81fd3b76f66279bedfcfba5b6adba1638eadd414fb6850a943dc380628b805
neon_01,neon,s05,0.6073031873107452,0.6183965757789759,0.5966007924236567,0.10519630652374015,,9a81fd3b76f66279bedfcfba5b6adba1638eadd414fb6850a943dc380628b805
neon_01,neon,s10,0.4012717725090851,0.6026658441060729,0.30076464051024354,0.04846192733360875,,9a81fd3b76f66279bedfcfba5b6adba1638eadd414fb6850a943dc380628b805
neon_02,neon,whole,0.030573374919883725,0.4198690946795412,0.015864277610497038,0.003693450545915495,,f9c7a2532417ad31163b6ecd3f8e5d6cda2d659996db80fdba928f939336484d
neon_02,neon,sam3,0.041770635858206076,0.6742960944595822,0.021552886510257847,0.0026352725364869162,,f9c7a2532417ad31163b6ecd3f8e5d6cda2d659996db80fdba928f939336484d
neon_02,neon,s05,0.522649562914274,0.6241534260018465,0.4495421188432577,0.07414618127228373,,f9c7a2532417ad31163b6ecd3f8e5d6cda2d659996db80fdba928f939336484d
neon_02,neon,s10,0.3747228357685551,0.5337003742096434,0.2887196401416328,0.0556470946419476,,f9c7a2532417ad31163b6ecd3f8e5d6cda2d659996db80fdba928f939336484d
neon_03,neon,whole,0.022225522378974932,0.47387258410880456,0.01137962416059745,0.002656055121224105,,8d06381e3bb4114fe18ffb8f96206abce380f8db3021fd113f877de7784d6dcd
neon_03,neon,sam3,0.009562559932318044,0.48204960835509136,0.004829178887489004,0.0011650898914002373,,8d06381e3bb4114fe18ffb8f96206abce380f8db3021fd113f877de7784d6dcd
neon_03,neon,s05,0.7035850965410275,0.6492215805638828,0.7678850731474839,0.1654032184467496,,8d06381e3bb4114fe18ffb8f96206abce380f8db3021fd113f877de7784d6dcd
neon_03,neon,s10,0.5855847727572825,0.6279237347333436,0.5485947216187509,0.10342758494813373,,8d06381e3bb4114fe18ffb8f96206abce380f8db3021fd113f877de7784d6dcd
neon_04,neon,whole,0.02637827166516797,0.41771647265188966,0.013619152022288496,0.003001960776804623,,a06cdd6b8d320b5cfc4595fedd64768a0316176940907af1ca36de5f94564a71
neon_04,neon,sam3,0.002007593041141287,0.6801705756929638,0.0010052801141232281,0.00011225638688577326,,a06cdd6b8d320b5cfc4595fedd64768a0316176940907af1ca36de5f94564a71
neon_04,neon,s05,0.6450909693799466,0.555586971663437,0.7689706729472738,0.13883123149804114,,a06cdd6b8d320b5cfc4595fedd64768a0316176940907af1ca36de5f94564a71
neon_04,neon,s10,0.39644034157646774,0.505283417194138,0.32617829201312926,0.0641711601135106,,a06cdd6b8d320b5cfc4595fedd64768a0316176940907af1ca36de5f94564a71
neon_05,neon,whole,0.02806492528343843,0.49054679532439005,0.0144456926209366,0.0030510280674476585,,a6bc376aa65efa7fbb4ea6f4660a2ceb6b4d88ed94ee530d16d4afd9b083c436
neon_05,neon,sam3,0.048032212929391305,0.8008496528857113,0.024758573589578295,0.002309992302419185,,a6bc376aa65efa7fbb4ea6f4660a2ceb6b4d88ed94ee530d16d4afd9b083c436
neon_05,neon,s05,0.27895901669233025,0.5466217681175132,0.1872626425740236,0.035326534441887096,,a6bc376aa65efa7fbb4ea6f4660a2ceb6b4d88ed94ee530d16d4afd9b083c436
neon_05,neon,s10,0.20321329753270212,0.6234610654868757,0.12138977360489682,0.01693348102986738,,a6bc376aa65efa7fbb4ea6f4660a2ceb6b4d88ed94ee530d16d4afd9b083c436
neon_06,neon,whole,0.05726713527592723,0.4075918367346939,0.030797080780537524,0.006988116209235038,,c4e4fdbbb7bc7a1a721471ebfc401c8e577a444d28b573f2e161207a8b9548df
neon_06,neon,sam3,0.1505617879610194,0.732581828059215,0.08390283973576425,0.008400571371199607,,c4e4fdbbb7bc7a1a721471ebfc401c8e577a444d28b573f2e161207a8b9548df
neon_06,neon,s05,0.6783588311964389,0.6620099999424629,0.6955356022316285,0.0991462518596946,,c4e4fdbbb7bc7a1a721471ebfc401c8e577a444d28b573f2e161207a8b9548df
neon_06,neon,s10,0.49131727125750757,0.6107861666203882,0.4109383259744359,0.06368769452633692,,c4e4fdbbb7bc7a1a721471ebfc401c8e577a444d28b573f2e161207a8b9548df
neon_07,neon,whole,0.04687499548783981,0.39486773683020576,0.02491641960512206,0.005580030480112232,,fa71994cab8f265fd612db539478eb2d257c5b044d61914673606776d2982212
neon_07,neon,sam3,0.01798616883710839,0.7943015983321752,0.009096070144452155,0.000907716918480839,,fa71994cab8f265fd612db539478eb2d257c5b044d61914673606776d2982212
neon_07,neon,s05,0.554583452273547,0.5561786998106933,0.5529973296326668,0.08896824315459069,,fa71994cab8f265fd612db539478eb2d257c5b044d61914673606776d2982212
neon_07,neon,s10,0.3573392315217963,0.49038976569214865,0.2810782396602115,0.050639754342406716,,fa71994cab8f265fd612db539478eb2d257c5b044d61914673606776d2982212
neon_08,neon,whole,0.02343101217229743,0.43130675088827475,0.012042617494107942,0.0024251209209523554,,dc39481fcbc0d2aea76d08bf7bd32dddc5575da582ff2da68805aa66248c55eb
neon_08,neon,sam3,0.07655247189030288,0.8496266123557366,0.04008195426454186,0.0028205314777440343,,dc39481fcbc0d2aea76d08bf7bd32dddc5575da582ff2da68805aa66248c55eb
neon_08,neon,s05,0.3759739395249021,0.4168738564525105,0.3423824500431632,0.11956669513367366,,dc39481fcbc0d2aea76d08bf7bd32dddc5575da582ff2da68805aa66248c55eb
neon_08,neon,s10,0.26407845604638536,0.5315811543627977,0.17567509346711538,0.03367715541836926,,dc39481fcbc0d2aea76d08bf7bd32dddc5575da582ff2da68805aa66248c55eb
neon_09,neon,whole,0.031100867941641713,0.6273966984517584,0.015945657429259397,0.002334406271422061,,961496ea039d860dbe2d94551104e470dcc90cfe7a3deddd08288d87bbb723d8
neon_09,neon,sam3,0.027190599714841675,0.4845594558674068,0.013987754730800347,0.0030615595834881148,,961496ea039d860dbe2d94551104e470dcc90cfe7a3deddd08288d87bbb723d8
neon_09,neon,s05,0.4980408157780168,0.5829706311418907,0.434710247953138,0.11944462528865928,,961496ea039d860dbe2d94551104e470dcc90cfe7a3deddd08288d87bbb723d8
neon_09,neon,s10,0.12308704563915826,0.520911297267674,0.06978877947824366,0.015286256180085094,,961496ea039d860dbe2d94551104e470dcc90cfe7a3deddd08288d87bbb723d8
neon_10,neon,whole,0.034948512594635196,0.32209737827715357,0.018476641248137436,0.004914548536191031,,40f063c94eab0c9d22df812e545ea25116d67554f70fd3af1b4b7673e075bc69
neon_10,neon,sam3,0.01997396387560469,0.49540347293156284,0.010192454578465623,0.001838776663200726,,40f063c94eab0c9d22df812e545ea25116d67554f70fd3af1b4b7673e075bc69
neon_10,neon,s05,0.6278786468770458,0.6950881854785546,0.5725204412556503,0.07407621663531293,,40f063c94eab0c9d22df812e545ea25116d67554f70fd3af1b4b7673e075bc69
neon_10,neon,s10,0.4011961770591564,0.6312885052548348,0.29402852384708816,0.04560767154903505,,40f063c94eab0c9d22df812e545ea25116d67554f70fd3af1b4b7673e075bc69
coralscapes_01,coralscapes,whole,0.05136895237377318,0.5458177278401998,0.026952790248519497,0.0038419477379993093,0.04337449000345556,57b1f4069feb618e92d7158439f86cb96924a59f91cfebbb61df683071ccc678
coralscapes_01,coralscapes,sam3,0.06576161462757618,0.7536129714487134,0.034380875637926404,0.0027214995587276007,0.10675767927397506,57b1f4069feb618e92d7158439f86cb96924a59f91cfebbb61df683071ccc678
coralscapes_01,coralscapes,s05,0.24647834987905756,0.32970325655560323,0.19680109486717062,0.0547460765127969,0.06175011100042595,57b1f4069feb618e92d7158439f86cb96924a59f91cfebbb61df683071ccc678
coralscapes_01,coralscapes,s10,0.16693805669394407,0.3724933708982433,0.10757453666398066,0.02315337093741606,0.06054330100688228,57b1f4069feb618e92d7158439f86cb96924a59f91cfebbb61df683071ccc678
coralscapes_02,coralscapes,whole,0.038100831897927186,0.3944611852489597,0.020017139275801645,0.0033426384252331067,0.0037605766217486685,71c1babbcc4eb0c51941f3b5e3e28880dd05d22462b3149403424a2ec8fc0f5f
coralscapes_02,coralscapes,sam3,0.01779160098056162,0.5981577432354634,0.009030096056687515,0.0008331414757683896,0.0,71c1babbcc4eb0c51941f3b5e3e28880dd05d22462b3149403424a2ec8fc0f5f
coralscapes_02,coralscapes,s05,0.404438789309274,0.4085062749381423,0.40045150480283437,0.08606922220943172,0.009076941979325518,71c1babbcc4eb0c51941f3b5e3e28880dd05d22462b3149403424a2ec8fc0f5f
coralscapes_02,coralscapes,s10,0.30679798216696863,0.41966937685637995,0.24177250808999398,0.047961033728559914,0.006718161195642336,71c1babbcc4eb0c51941f3b5e3e28880dd05d22462b3149403424a2ec8fc0f5f
coralscapes_03,coralscapes,whole,0.05360510010744393,0.49681608190785365,0.02833096709003236,0.00384146809408695,0.008316791979949875,3e3b06d3dffd79e73859c9ee07a5fb6635679e5b44739604537a5c035fc58049
coralscapes_03,coralscapes,sam3,0.060566152085020836,0.7481456507080243,0.03156056943325275,0.0028452476881163425,0.018021587700784884,3e3b06d3dffd79e73859c9ee07a5fb6635679e5b44739604537a5c035fc58049
coralscapes_03,coralscapes,s05,0.22781948141468092,0.29032356836118406,0.18746082908049064,0.06265924177890335,0.05359717518905329,3e3b06d3dffd79e73859c9ee07a5fb6635679e5b44739604537a5c035fc58049
coralscapes_03,coralscapes,s10,0.1960522395930811,0.3259064264003474,0.14019352033050664,0.035347837765243084,0.047966159512001144,3e3b06d3dffd79e73859c9ee07a5fb6635679e5b44739604537a5c035fc58049
coralscapes_04,coralscapes,whole,0.030537971996277453,0.4117407256420709,0.01585702774260389,0.003529699551053298,0.010011146865207057,53eb9388a47c0c25212bea9aaabf1fef7e79f7e79330c25ac9d951d40dcfdb2b
coralscapes_04,coralscapes,sam3,0.005063577062622655,0.4765765765765766,0.0025453103615875575,0.0005324047427190054,0.0,53eb9388a47c0c25212bea9aaabf1fef7e79f7e79330c25ac9d951d40dcfdb2b
coralscapes_04,coralscapes,s05,0.4718029540641599,0.5142974119023249,0.4357948658915621,0.08200711791565941,0.014718433089217444,53eb9388a47c0c25212bea9aaabf1fef7e79f7e79330c25ac9d951d40dcfdb2b
coralscapes_04,coralscapes,s10,0.22051466306610146,0.34754241396025204,0.16148971003926685,0.04947526955987874,0.015898115909016956,53eb9388a47c0c25212bea9aaabf1fef7e79f7e79330c25ac9d951d40dcfdb2b
coralscapes_05,coralscapes,whole,0.037557358952178814,0.48350116189000775,0.01953749536344218,0.0030961014542803425,0.0,319a74e293a488476ff0b7fd288507c62902ea14310483ef3410f1e10cb62723
coralscapes_05,coralscapes,sam3,0.03301777173463232,0.7503709198813057,0.016880268088970748,0.0012931199877211157,0.00751507143447023,319a74e293a488476ff0b7fd288507c62902ea14310483ef3410f1e10cb62723
coralscapes_05,coralscapes,s05,0.3932187250627826,0.4242692472834165,0.3664031822774772,0.07261089367253751,0.013033257582301666,319a74e293a488476ff0b7fd288507c62902ea14310483ef3410f1e10cb62723
coralscapes_05,coralscapes,s10,0.3303421873148029,0.5023467012630213,0.24608290804906438,0.03771008403361344,0.020485603182733056,319a74e293a488476ff0b7fd288507c62902ea14310483ef3410f1e10cb62723
coralscapes_06,coralscapes,whole,0.03791288111205406,0.49575622652010576,0.01971010414634848,0.00344720079812747,0.028005964876721058,95f83678b462b068a5174a6b74b36d426054198d559406c2a598d3a6ce73c36f
coralscapes_06,coralscapes,sam3,0.04021172802517151,0.7627416520210897,0.02065020320848775,0.0019104217029277464,0.11444080397351596,95f83678b462b068a5174a6b74b36d426054198d559406c2a598d3a6ce73c36f
coralscapes_06,coralscapes,s05,0.522673806234811,0.4605130443016348,0.6042342829186559,0.11650694524385097,0.018564560868906895,95f83678b462b068a5174a6b74b36d426054198d559406c2a598d3a6ce73c36f
coralscapes_06,coralscapes,s10,0.2563471884756811,0.4001132238835792,0.18858579043465193,0.043209681132727065,0.026034712194915217,95f83678b462b068a5174a6b74b36d426054198d559406c2a598d3a6ce73c36f
coralscapes_07,coralscapes,whole,0.04086282765253009,0.42407690627048283,0.021465595252179975,0.004390660373738537,0.06877916685209248,e9cdfea9ccf6d882670d445f43e5ea732309bc72e6eab40172b7ae9490990c16
coralscapes_07,coralscapes,sam3,0.030231531483124727,0.5531772575250836,0.015540413068016488,0.0021512029469321976,0.2591340258245581,e9cdfea9ccf6d882670d445f43e5ea732309bc72e6eab40172b7ae9490990c16
coralscapes_07,coralscapes,s05,0.5813076089707173,0.5598074053398319,0.604525265961699,0.08935670158474349,0.10335329511814378,e9cdfea9ccf6d882670d445f43e5ea732309bc72e6eab40172b7ae9490990c16
coralscapes_07,coralscapes,s10,0.2334136689680709,0.3850278585868547,0.16746873531095216,0.03891063274624919,0.15090288897848994,e9cdfea9ccf6d882670d445f43e5ea732309bc72e6eab40172b7ae9490990c16
coralscapes_08,coralscapes,whole,0.026697277731694575,0.4575333550276603,0.013749792154304644,0.002947891485361268,0.022108561728326873,2c0c921a24d064b8e227a4f6210e6909ca8af68cc9a4731f424ffe24d17b9bfc
coralscapes_08,coralscapes,sam3,0.005596124371434076,0.27616926503340755,0.002826701456838443,0.0010768005832469975,0.31720164609053497,2c0c921a24d064b8e227a4f6210e6909ca8af68cc9a4731f424ffe24d17b9bfc
coralscapes_08,coralscapes,s05,0.6608518474055758,0.577326859771985,0.7726327974112019,0.15095161352212116,0.003705841959460233,2c0c921a24d064b8e227a4f6210e6909ca8af68cc9a4731f424ffe24d17b9bfc
coralscapes_08,coralscapes,s10,0.42248225326823713,0.6327508596749777,0.31710538096517144,0.04784304132611949,0.0,2c0c921a24d064b8e227a4f6210e6909ca8af68cc9a4731f424ffe24d17b9bfc
coralscapes_09,coralscapes,whole,0.03728425826513959,0.4851140790205899,0.01938714494472921,0.0034476804420398295,0.015104514220787419,3a3bd6e7abef0caff507f47e4e64a9be46797c63452834db3260f03911b097ef
coralscapes_09,coralscapes,sam3,0.0311243953947591,0.5232350312779267,0.01603924114180467,0.0021468861517209624,0.05468306732010399,3a3bd6e7abef0caff507f47e4e64a9be46797c63452834db3260f03911b097ef
coralscapes_09,coralscapes,s05,0.4741181845548479,0.43372329809954263,0.5228101927203077,0.10622817620198764,0.04205054846514456,3a3bd6e7abef0caff507f47e4e64a9be46797c63452834db3260f03911b097ef
coralscapes_09,coralscapes,s10,0.23561673616475107,0.33104750991468446,0.18289403420809444,0.053577663942289244,0.05283738406055537,3a3bd6e7abef0caff507f47e4e64a9be46797c63452834db3260f03911b097ef
coralscapes_10,coralscapes,whole,0.05606670741972491,0.45839210155148097,0.029859432357417854,0.005101013007942903,0.015793555665233026,c91d53dce9f36da1a7a4d98b459dff5791c57b40be8860c6caf2c2460d26cf5e
coralscapes_10,coralscapes,sam3,0.07210702819987189,0.7556456282570932,0.03785989281557372,0.0033133801465791797,0.24835444943905438,c91d53dce9f36da1a7a4d98b459dff5791c57b40be8860c6caf2c2460d26cf5e
coralscapes_10,coralscapes,s05,0.37915316716944486,0.47112139017377175,0.3172268907563025,0.05371340316948697,0.05696227412077142,c91d53dce9f36da1a7a4d98b459dff5791c57b40be8860c6caf2c2460d26cf5e
coralscapes_10,coralscapes,s10,0.2909075783687629,0.4782051458732412,0.20903521225841934,0.03480440121253981,0.09039922487652335,c91d53dce9f36da1a7a4d98b459dff5791c57b40be8860c6caf2c2460d26cf5e
pmid_01,pmid,whole,0.024427939920495786,0.46912304866850324,0.012540470503007065,0.0020852401760103555,,00fec43406575b5f583d05d6f94e3028d40b9a92053f189a3df44d52f57b3045
pmid_01,pmid,sam3,0.07344830651164713,0.8816628041714948,0.03832032054074496,0.001652490607802513,,00fec43406575b5f583d05d6f94e3028d40b9a92053f189a3df44d52f57b3045
pmid_01,pmid,s05,0.19171244037154797,0.39672702317478753,0.12639562399970639,0.04534057008053737,,00fec43406575b5f583d05d6f94e3028d40b9a92053f189a3df44d52f57b3045
pmid_01,pmid,s10,0.058239872009496194,0.34379080291187464,0.031814722087918926,0.013381966597860761,,00fec43406575b5f583d05d6f94e3028d40b9a92053f189a3df44d52f57b3045
pmid_02,pmid,whole,0.02715956653727992,0.40951757258240556,0.014045539553087705,0.003312077043206663,,f4c2fa2021bce516585ac287bede14dada33ef8c228ab535ca3b9bb3b893727b
pmid_02,pmid,sam3,0.046990380259832154,0.875,0.024143482368365242,0.0011915090519983805,,f4c2fa2021bce516585ac287bede14dada33ef8c228ab535ca3b9bb3b893727b
pmid_02,pmid,s05,0.4985030379871189,0.41513751340849886,0.6237636647579385,0.27836847128231823,,f4c2fa2021bce516585ac287bede14dada33ef8c228ab535ca3b9bb3b893727b
pmid_02,pmid,s10,0.4101460626868934,0.5262733491652785,0.33600362465536854,0.08159234195152987,,f4c2fa2021bce516585ac287bede14dada33ef8c228ab535ca3b9bb3b893727b
pmid_03,pmid,whole,0.03213030493948211,0.4698577557010612,0.016633890527695837,0.0032021805772456473,,bacbcc96b3a0c4ea2985c55a88ef9f90a0a5e32546443763c3a45bd2cb877a60
pmid_03,pmid,sam3,0.0689773605057349,0.7875399361022364,0.03606821292922282,0.0018103996760946265,,bacbcc96b3a0c4ea2985c55a88ef9f90a0a5e32546443763c3a45bd2cb877a60
pmid_03,pmid,s05,0.4732840405077838,0.4314119144777183,0.524157942429676,0.23228136387298282,,bacbcc96b3a0c4ea2985c55a88ef9f90a0a5e32546443763c3a45bd2cb877a60
pmid_03,pmid,s10,0.1958256356144527,0.46800890523666633,0.12381668498274433,0.029877378680085602,,bacbcc96b3a0c4ea2985c55a88ef9f90a0a5e32546443763c3a45bd2cb877a60
pmid_04,pmid,whole,0.03162902463171502,0.48336038961038963,0.016349430517330298,0.0035629591069466135,,d698ff77b9e5929a638351de7f527e4db0e2d20a11eaf633853babe641b47073
pmid_04,pmid,sam3,0.1226196316876787,0.925783749200256,0.06565800191835888,0.003390161374284227,,d698ff77b9e5929a638351de7f527e4db0e2d20a11eaf633853babe641b47073
pmid_04,pmid,s05,0.5228170056328157,0.48513119002123467,0.5668509512264482,0.2379974261090867,,d698ff77b9e5929a638351de7f527e4db0e2d20a11eaf633853babe641b47073
pmid_04,pmid,s10,0.35995403536985543,0.512017316017316,0.27753061903224097,0.08350685406906125,,d698ff77b9e5929a638351de7f527e4db0e2d20a11eaf633853babe641b47073
pmid_05,pmid,whole,0.023764146421987306,0.4501232907419861,0.012204232921544905,0.0032253166753427034,,fe320575e23f42060fea7a95acf32468a7ad0984b754300e5f21275d9705fee0
pmid_05,pmid,sam3,0.062300823687330774,0.9841075794621027,0.03216866134217642,0.0011828330152119846,,fe320575e23f42060fea7a95acf32468a7ad0984b754300e5f21275d9705fee0
pmid_05,pmid,s05,0.5969344115575956,0.5164492557245851,0.7071369698605575,0.2961369946208572,,fe320575e23f42060fea7a95acf32468a7ad0984b754300e5f21275d9705fee0
pmid_05,pmid,s10,0.42081280985657143,0.5208495189147194,0.35301177525317035,0.09678408236450922,,fe320575e23f42060fea7a95acf32468a7ad0984b754300e5f21275d9705fee0
pmid_06,pmid,whole,0.01852718668321354,0.3210576015108593,0.009538820444598686,0.003062640985597779,,e0cf129adb527507286c94568133225b80be37b61df3d277b435948a4b5f7157
pmid_06,pmid,sam3,0.07956332696856397,0.8336705787130716,0.04177511712649662,0.0017865405749320376,,e0cf129adb527507286c94568133225b80be37b61df3d277b435948a4b5f7157
pmid_06,pmid,s05,0.33109126398951516,0.29575951722241095,0.37600979428152775,0.22344048238764533,,e0cf129adb527507286c94568133225b80be37b61df3d277b435948a4b5f7157
pmid_06,pmid,s10,0.1197240189962344,0.39771108600618893,0.07046869878728286,0.014719619411186304,,e0cf129adb527507286c94568133225b80be37b61df3d277b435948a4b5f7157
pmid_07,pmid,whole,0.029043077722834897,0.40429112326461925,0.015062563865270788,0.003437156573543872,,f6c48fcdd67f4446df62eab72bb7a694ce8f120e5f85ac553e121f71a5ee9279
pmid_07,pmid,sam3,0.14513606682809777,0.909480122324159,0.07886035436790252,0.0035463300364393545,,f6c48fcdd67f4446df62eab72bb7a694ce8f120e5f85ac553e121f71a5ee9279
pmid_07,pmid,s05,0.4869127060328788,0.4184838297948838,0.5820945880810534,0.24131094915842444,,f6c48fcdd67f4446df62eab72bb7a694ce8f120e5f85ac553e121f71a5ee9279
pmid_07,pmid,s10,0.3767698092924084,0.5154584610892101,0.29688915881003336,0.07922956793336804,,f6c48fcdd67f4446df62eab72bb7a694ce8f120e5f85ac553e121f71a5ee9279
pmid_08,pmid,whole,0.0443840532936276,0.45538585209003213,0.0233288989145314,0.0035976632540921974,,dae32a61d7c4fd2eb896510baa0941f261f7de0a694f78113f07697b19ca6a1f
pmid_08,pmid,sam3,0.12167933922927718,0.8297630331753555,0.06565349837083309,0.0038138411706865635,,dae32a61d7c4fd2eb896510baa0941f261f7de0a694f78113f07697b19ca6a1f
pmid_08,pmid,s05,0.4000311721370357,0.35720040806448156,0.45453274721884823,0.23600193764821562,,dae32a61d7c4fd2eb896510baa0941f261f7de0a694f78113f07697b19ca6a1f
pmid_08,pmid,s10,0.16167504335721475,0.41233094669848847,0.10055044633389246,0.02726444560124935,,dae32a61d7c4fd2eb896510baa0941f261f7de0a694f78113f07697b19ca6a1f
pmid_09,pmid,whole,0.029833177504373837,0.4943527367506516,0.015380685214105308,0.0033287061137139222,,06176efccbd36a90f94ae8d376c6b3795345ff9dd5846368d281a7c017df92f1
pmid_09,pmid,sam3,0.10710930503108572,0.8019154403176828,0.05738716332157248,0.003095176123546764,,06176efccbd36a90f94ae8d376c6b3795345ff9dd5846368d281a7c017df92f1
pmid_09,pmid,s05,0.5378949768676985,0.4920229246410242,0.5931999151676403,0.243853750939904,,06176efccbd36a90f94ae8d376c6b3795345ff9dd5846368d281a7c017df92f1
pmid_09,pmid,s10,0.38623291877944005,0.5333147499856525,0.30274066362041374,0.08818685291225635,,06176efccbd36a90f94ae8d376c6b3795345ff9dd5846368d281a7c017df92f1
pmid_10,pmid,whole,0.019786727100728464,0.40462985290571496,0.010141322999209517,0.002998293712765342,,788cd7f5eb7f08e5e25956fb90a2b36df9ad378c6e0a1227fd7f1d4ff47492c9
pmid_10,pmid,sam3,0.07591284843905378,0.8344703770197487,0.03976516860431488,0.002013563537509399,,788cd7f5eb7f08e5e25956fb90a2b36df9ad378c6e0a1227fd7f1d4ff47492c9
pmid_10,pmid,s05,0.5164731559895744,0.45141982386735213,0.6034328185551506,0.24653898432529353,,788cd7f5eb7f08e5e25956fb90a2b36df9ad378c6e0a1227fd7f1d4ff47492c9
pmid_10,pmid,s10,0.39274997605976125,0.5148268346617032,0.3174706460755394,0.09089449939267742,,788cd7f5eb7f08e5e25956fb90a2b36df9ad378c6e0a1227fd7f1d4ff47492c9
